{
  "low_max": 5,
  "medium_max": 11,
  "median": 9.0,
  "mean": 10.533333333333333,
  "min": 1,
  "max": 45,
  "p99": 38.09999999999991,
  "n_images": 150
}